황춘자,인천광역시 강서구 잠실가 (경수이안면),95075,허이이,화학제품 생산기 조작원,033-264-6422,eunjeong47@example.com,ji,172.17.103.236,52.244.33.201,안정적인 가치추가 모니터링,Pink
안진우,경상북도 계룡시 백제고분817길,75805,박김이,국가/지방 및 공공행정 사무원,017-226-5419,abag@example.com,juweonbag,192.168.162.16,129.1.37.63,확장된 정적 정의,PaleGreen
박지민,서울특별시 양천구 논현가 (미정박동),90216,김한배,조사 전문가,052-050-3764,jeongho46@example.net,gimyeongja,172.30.177.67,222.86.38.90,사용자 중심의 주파수 탐지 가능 지식 기반,SlateBlue
서진호,부산광역시 금천구 가락가,40761,이안,미장공,062-663-9794,junhohan@example.com,gangyeongsug,10.9.113.20,149.177.182.213,강력한 주파수 탐지 가능 배열,RosyBrown
박영자,인천광역시 양천구 논현길 (영순이리),37543,박한김,강구조물 가공원 및 건립원,011-530-7708,minseogcoe@example.com,guyeonghyi,172.21.152.218,39.158.142.248,최적화된 결정 안내 창구,Khaki
강경자,광주광역시 양천구 봉은사길,89558,(유) 김,경영지원 관리자,017-588-6115,jeongsuggim@example.com,wgim,172.23.16.15,83.168.212.31,반동적인 컨텐츠 기반 인공지능,GoldenRod
박상호,강원도 청주시 서원구 영동대51로,35410,(주) 백윤박,일반기계 조립원,043-916-3210,yi@example.com,ji,172.16.149.15,165.99.53.138,효율적인 로컬 함수,FloralWhite
곽영미,대전광역시 강북구 강남대416로,93778,(유) 김이문,직조기 및 편직기 조작원,055-252-4217,junseo61@example.net,jongsu11,192.168.164.130,128.18.199.117,1:1 웹 사용 가능 지식 기반,Gray
김은서,서울특별시 송파구 강남대482가,62565,주식회사 이,농업용 및 기타 기계장비 설치 및 정비원,010-9221-2102,hbae@example.net,guyeongil,172.17.13.19,208.95.64.171,융합력있는 무관용 지식 기반,DarkOliveGreen
박경수,인천광역시 송파구 삼성769길,19377,(주) 박,일식 주방장 및 조리사,051-372-2410,bagmiyeong@example.net,geonu71,172.22.189.129,163.25.85.214,강화된 비대칭 아카이브,MediumOrchid
김정훈,제주특별자치도 속초시 강남대93거리,62356,주식회사 박,간호사,017-317-3221,ominji@example.org,hyejingim,192.168.181.194,140.197.195.242,비전 있는 모듈형 엑스트라넷,PeachPuff
김성현,광주광역시 동구 개포684로 (정웅남안동),72083,김최,자동차 부분품 조립원,017-556-2221,boram07@example.org,eunseoi,10.138.49.135,181.152.32.60,유기농 물류 회로,DarkGoldenRod
이상현,전라북도 동해시 반포대41로,98835,오문,상품 대여원,02-8952-3419,ci@example.net,eunjigim,10.105.67.162,205.219.193.110,인체 공학적인 상황에 맞는 아키텍쳐,SlateBlue
박민석,대전광역시 노원구 서초중앙로 (진우박마을),42717,이박이,위관급,051-988-3872,zno@example.org,hyeonjeong49,192.168.120.114,194.53.203.43,무결점의 하이브리드 시너지,WhiteSmoke
유승현,대구광역시 노원구 백제고분가 (성현최이마을),13999,주식회사 이박김,항공기 정비원,031-685-8572,gyeonghyi79@example.org,wca,10.37.45.151,209.142.40.166,크로스 그룹 24시간 관리자,Green
김영숙,대구광역시 마포구 선릉65가,95792,유한회사 이최김,기타 식품가공관련 종사원,053-533-5579,gimseongho@example.net,yeongmi70,172.23.2.198,116.140.100.122,중심이 3세대 생산 능력,DodgerBlue
이현숙,서울특별시 동구 서초중앙로 (준호신읍),05790,(유) 이,식품 및 담배 등급원,02-7659-6721,coesangho@example.net,bbae,192.168.77.164,192.221.70.181,유기농 분리된 펌웨어,Olive
심지혜,인천광역시 서구 잠실거리 (영자이읍),23100,주식회사 박차류,인쇄기 조작원,043-253-8390,yeeunbag@example.org,siugim,172.22.240.81,193.69.252.153,진보적인 선구적 함수,PeachPuff
안성진,광주광역시 도봉구 서초중앙길,37606,최김박,임산물채취 및 기타 임업 관련 종사원,043-012-3412,mijeonggim@example.net,yeongjin30,172.20.105.157,139.150.53.111,프로그래밍 가능한 그리드 가능 암호화,Indigo
황영희,세종특별자치시 동구 선릉53가 (미숙오읍),33694,(유) 황,중/고등학교 교사,016-070-0897,gimhaeun@example.net,myeongsug78,172.27.209.52,85.38.181.162,강력한 다음 세대 아키텍쳐,Green
김동현,제주특별자치도 부천시 오정구 백제고분188가,20520,(유) 최,철로 설치 및 보수원,064-779-4680,iyeonghwan@example.org,gimseoyeon,172.24.15.45,99.68.242.183,완벽히 설정된 비동기 엑스트라넷,DarkTurquoise
김민수,광주광역시 관악구 영동대길 (준서나리),45022,(유) 안나엄,용접원,064-738-0913,casubin@example.org,seoyeonbag,192.168.118.186,54.214.78.97,재정렬 역수 예보,LightSeaGreen
이은경,전라북도 성남시 중원구 강남대로 (영희백홍리),58279,박장,산업안전 및 위험 관리원,052-738-5861,gimmisug@example.org,cgim,172.27.221.5,42.221.158.136,모니터링되는 지역적 그래픽 인터페이스,LightSteelBlue
김혜진,경상남도 양평군 테헤란로 (주원장김읍),06200,이김,선박 갑판승무원 및 관련 종사원,062-155-9244,gimsanghun@example.org,coejinu,10.179.195.14,199.87.12.40,비전 있는 필수 모델,RosyBrown
김우진,광주광역시 구로구 압구정거리 (병철김황읍),94388,한김김,기타 음식서비스 종사원,054-970-2911,uhwang@example.net,yeongsunbae,192.168.194.96,192.240.206.190,올바른 사이즈의 선구적 관리자,Gainsboro
이영순,대전광역시 강북구 봉은사268길 (광수윤면),26920,김손황,선장/항해사 및 도선사,054-998-7128,seoyeon78@example.org,gryu,192.168.166.81,131.213.30.153,무결점의 확장 미디어 정보,DarkRed
이영길,강원도 홍천군 개포239길 (현숙최김리),70929,이이김,전기/전자 및 기계 공학 시험원,031-270-2683,vgim@example.org,igim,10.116.83.25,20.228.110.134,다용도 결합된 웹 사이트,Linen
최정순,광주광역시 성동구 강남대63거리 (옥순고김면),86519,주식회사 김홍김,항공기 정비원,054-140-4043,csim@example.com,xi,192.168.99.141,103.126.41.204,특별한 컨텐츠 기반 시간화,DarkViolet
권상호,울산광역시 마포구 역삼가 (지후김면),46719,문박,농업용 및 기타 기계장비 설치 및 정비원,043-631-5294,cbag@example.net,ogja92,192.168.219.46,210.128.10.47,강력한 다이나믹 모니터링,Peru
김지후,광주광역시 관악구 영동대214가,87146,유한회사 성,소방공학 기술자 및 연구원,053-504-1993,mijeongnam@example.org,jbag,172.25.170.164,112.20.187.128,안정적인 선구적 프로젝트,GreenYellow
